{
    "taskMessage": "Target=spray_bottle#1,  Destination=wagon#2",
    "environmentName": "Layout2019IC01",
    "graspingTargetName": "spray_bottle#1",
    "destinationName": "wagon#2",
    "graspablesPositions": [
        {
            "name": "tumbler#1",
            "position": {
                "x": -5.580000400543213,
                "y": 0.7259999513626099,
                "z": 0.8579999804496765
            },
            "eulerAngles": {
                "x": 0.0,
                "y": 90.0,
                "z": 0.0
            }
        },
        {
            "name": "toy_penguin#1",
            "position": {
                "x": -3.359999895095825,
                "y": 0.0010000020265579224,
                "z": -3.0999999046325685
            },
            "eulerAngles": {
                "x": 0.0,
                "y": 90.0,
                "z": 0.0
            }
        },
        {
            "name": "canned_juice#1",
            "position": {
                "x": -5.220000267028809,
                "y": 0.7259999513626099,
                "z": -1.0408999919891358
            },
            "eulerAngles": {
                "x": 0.0,
                "y": 180.0,
                "z": 0.0
            }
        },
        {
            "name": "filled_plastic_bottle#1",
            "position": {
                "x": -3.859999895095825,
                "y": 0.0010000020265579224,
                "z": 1.4600000381469727
            },
            "eulerAngles": {
                "x": 0.0,
                "y": 90.0,
                "z": 0.0
            }
        },
        {
            "name": "soysauce#1",
            "position": {
                "x": 0.3199999928474426,
                "y": 0.0010000020265579224,
                "z": -0.8299999833106995
            },
            "eulerAngles": {
                "x": 0.0,
                "y": 90.0,
                "z": 0.0
            }
        },
        {
            "name": "filled_ketchup#1",
            "position": {
                "x": -2.9800000190734865,
                "y": 1.0410000085830689,
                "z": 1.3976999521255494
            },
            "eulerAngles": {
                "x": 0.0,
                "y": 180.0,
                "z": 0.0
            }
        },
        {
            "name": "sauce#1",
            "position": {
                "x": -4.080000400543213,
                "y": 0.0010000020265579224,
                "z": -2.009999990463257
            },
            "eulerAngles": {
                "x": 0.0,
                "y": 0.0,
                "z": 0.0
            }
        },
        {
            "name": "dog_doll#1",
            "position": {
                "x": -1.128000020980835,
                "y": 0.4960000216960907,
                "z": 1.11899995803833
            },
            "eulerAngles": {
                "x": 0.0,
                "y": 180.0,
                "z": 0.0
            }
        },
        {
            "name": "sugar#1",
            "position": {
                "x": -0.800000011920929,
                "y": 0.0010000020265579224,
                "z": 0.38999998569488528
            },
            "eulerAngles": {
                "x": 0.0,
                "y": 0.0,
                "z": 0.0
            }
        },
        {
            "name": "rabbit_doll#1",
            "position": {
                "x": -0.07999998331069946,
                "y": 0.0010000020265579224,
                "z": -4.300000190734863
            },
            "eulerAngles": {
                "x": 0.0,
                "y": 270.0,
                "z": 0.0
            }
        },
        {
            "name": "hourglass#1",
            "position": {
                "x": -2.450000047683716,
                "y": 0.0010000020265579224,
                "z": 0.6000000238418579
            },
            "eulerAngles": {
                "x": 0.0,
                "y": 90.0,
                "z": 0.0
            }
        },
        {
            "name": "spray_bottle#1",
            "position": {
                "x": 0.8230000138282776,
                "y": 0.4960000216960907,
                "z": -1.7589999437332154
            },
            "eulerAngles": {
                "x": 0.0,
                "y": 270.0,
                "z": 0.0
            }
        },
        {
            "name": "bear_doll#1",
            "position": {
                "x": -5.559999942779541,
                "y": 0.4410000145435333,
                "z": -3.0899999141693117
            },
            "eulerAngles": {
                "x": 0.0,
                "y": 180.0,
                "z": 0.0
            }
        }
    ],
    "destinationsPositions": [
        {
            "name": "trash_box_for_recycle",
            "position": {
                "x": -4.62000036239624,
                "y": 0.0,
                "z": -5.170000076293945
            },
            "eulerAngles": {
                "x": 0.0,
                "y": 90.0,
                "z": 0.0
            }
        },
        {
            "name": "trash_box_for_burnable",
            "position": {
                "x": -2.8299999237060549,
                "y": 0.0,
                "z": -5.170000076293945
            },
            "eulerAngles": {
                "x": 0.0,
                "y": 90.0,
                "z": 0.0
            }
        },
        {
            "name": "trash_box_for_bottle_can",
            "position": {
                "x": -0.9999999403953552,
                "y": 0.0,
                "z": -5.170000076293945
            },
            "eulerAngles": {
                "x": 0.0,
                "y": 90.0,
                "z": 0.0
            }
        },
        {
            "name": "square_low_table",
            "position": {
                "x": -5.397000312805176,
                "y": 0.0,
                "z": -3.128999948501587
            },
            "eulerAngles": {
                "x": 0.0,
                "y": 0.0,
                "z": 0.0
            }
        },
        {
            "name": "wagon#1",
            "position": {
                "x": -5.026000022888184,
                "y": 0.0,
                "z": -1.1169999837875367
            },
            "eulerAngles": {
                "x": 0.0,
                "y": 0.0,
                "z": 0.0
            }
        },
        {
            "name": "wagon#2",
            "position": {
                "x": -5.380000114440918,
                "y": 0.0,
                "z": 0.8140000104904175
            },
            "eulerAngles": {
                "x": 0.0,
                "y": 0.0,
                "z": 0.0
            }
        },
        {
            "name": "white_side_table#1",
            "position": {
                "x": 1.1100000143051148,
                "y": 0.0,
                "z": -2.2799999713897707
            },
            "eulerAngles": {
                "x": 0.0,
                "y": 90.0,
                "z": 0.0
            }
        },
        {
            "name": "white_side_table#2",
            "position": {
                "x": -0.7399999499320984,
                "y": 0.0,
                "z": 1.4160000085830689
            },
            "eulerAngles": {
                "x": 0.0,
                "y": 0.0,
                "z": 0.0
            }
        },
        {
            "name": "cardboard_box",
            "position": {
                "x": 1.0980000495910645,
                "y": 0.21799999475479127,
                "z": -0.3240000009536743
            },
            "eulerAngles": {
                "x": 0.0,
                "y": 10.000003814697266,
                "z": 0.0
            }
        },
        {
            "name": "wooden_shelf",
            "position": {
                "x": -3.0939998626708986,
                "y": 0.0,
                "z": 1.5299999713897706
            },
            "eulerAngles": {
                "x": 0.0,
                "y": 180.0,
                "z": 0.0
            }
        }
    ]
}
