{
    "taskMessage": "Target=sugar#1,  Destination=square_low_table",
    "environmentName": "LayoutIC01",
    "graspingTargetName": "sugar#1",
    "destinationName": "square_low_table",
    "graspablesPositions": [
        {
            "name": "filled_plastic_bottle#1",
            "position": {
                "x": -4.190000057220459,
                "y": 0.0010000020265579224,
                "z": 0.0
            },
            "eulerAngles": {
                "x": 0.0,
                "y": 0.0,
                "z": 0.0
            }
        },
        {
            "name": "toy_penguin#1",
            "position": {
                "x": -0.550000011920929,
                "y": 0.0010000020265579224,
                "z": -0.550000011920929
            },
            "eulerAngles": {
                "x": 0.0,
                "y": 90.0,
                "z": 0.0
            }
        },
        {
            "name": "rabbit_doll#1",
            "position": {
                "x": -3.0999999046325685,
                "y": 0.0010000020265579224,
                "z": -2.359999895095825
            },
            "eulerAngles": {
                "x": 0.0,
                "y": 90.0,
                "z": 0.0
            }
        },
        {
            "name": "bear_doll#1",
            "position": {
                "x": 0.8600000143051148,
                "y": 0.4960000216960907,
                "z": -2.8399999141693117
            },
            "eulerAngles": {
                "x": 0.0,
                "y": 270.0,
                "z": 0.0
            }
        },
        {
            "name": "dog_doll#1",
            "position": {
                "x": -0.9000000357627869,
                "y": 0.4960000216960907,
                "z": 1.11899995803833
            },
            "eulerAngles": {
                "x": 0.0,
                "y": 180.0,
                "z": 0.0
            }
        },
        {
            "name": "spray_bottle#1",
            "position": {
                "x": -5.25,
                "y": 0.7259999513626099,
                "z": 0.9300000071525574
            },
            "eulerAngles": {
                "x": 0.0,
                "y": 90.0,
                "z": 0.0
            }
        },
        {
            "name": "canned_juice#1",
            "position": {
                "x": -3.0299999713897707,
                "y": 1.0410000085830689,
                "z": 1.3976999521255494
            },
            "eulerAngles": {
                "x": 0.0,
                "y": 180.0,
                "z": 0.0
            }
        },
        {
            "name": "soysauce#1",
            "position": {
                "x": -4.880000114440918,
                "y": 0.4410000145435333,
                "z": -2.9200000762939455
            },
            "eulerAngles": {
                "x": 0.0,
                "y": 180.0,
                "z": 0.0
            }
        },
        {
            "name": "hourglass#1",
            "position": {
                "x": -1.5,
                "y": 0.0010000020265579224,
                "z": -1.899999976158142
            },
            "eulerAngles": {
                "x": 0.0,
                "y": 90.0,
                "z": 0.0
            }
        },
        {
            "name": "filled_ketchup#1",
            "position": {
                "x": -3.450000047683716,
                "y": 0.0010000020265579224,
                "z": -4.360000133514404
            },
            "eulerAngles": {
                "x": 0.0,
                "y": 270.0,
                "z": 0.0
            }
        },
        {
            "name": "sugar#1",
            "position": {
                "x": -4.860000133514404,
                "y": 0.7259999513626099,
                "z": -1.2799999713897706
            },
            "eulerAngles": {
                "x": 0.0,
                "y": 180.0,
                "z": 0.0
            }
        },
        {
            "name": "tumbler#1",
            "position": {
                "x": -1.5499999523162842,
                "y": 0.0010000020265579224,
                "z": 0.3400000035762787
            },
            "eulerAngles": {
                "x": 0.0,
                "y": 0.0,
                "z": 0.0
            }
        },
        {
            "name": "sauce#1",
            "position": {
                "x": 0.04000002145767212,
                "y": 0.0010000020265579224,
                "z": -3.1600000858306886
            },
            "eulerAngles": {
                "x": 0.0,
                "y": 90.0,
                "z": 0.0
            }
        }
    ],
    "destinationsPositions": [
        {
            "name": "trash_box_for_recycle",
            "position": {
                "x": -4.62000036239624,
                "y": 0.0,
                "z": -5.170000076293945
            },
            "eulerAngles": {
                "x": 0.0,
                "y": 90.0,
                "z": 0.0
            }
        },
        {
            "name": "trash_box_for_burnable",
            "position": {
                "x": -2.8299999237060549,
                "y": 0.0,
                "z": -5.170000076293945
            },
            "eulerAngles": {
                "x": 0.0,
                "y": 90.0,
                "z": 0.0
            }
        },
        {
            "name": "trash_box_for_bottle_can",
            "position": {
                "x": -0.9999999403953552,
                "y": 0.0,
                "z": -5.170000076293945
            },
            "eulerAngles": {
                "x": 0.0,
                "y": 90.0,
                "z": 0.0
            }
        },
        {
            "name": "square_low_table",
            "position": {
                "x": -5.397000312805176,
                "y": 0.0,
                "z": -3.128999948501587
            },
            "eulerAngles": {
                "x": 0.0,
                "y": 0.0,
                "z": 0.0
            }
        },
        {
            "name": "wagon#1",
            "position": {
                "x": -5.026000022888184,
                "y": 0.0,
                "z": -1.1169999837875367
            },
            "eulerAngles": {
                "x": 0.0,
                "y": 0.0,
                "z": 0.0
            }
        },
        {
            "name": "wagon#2",
            "position": {
                "x": -5.380000114440918,
                "y": 0.0,
                "z": 0.8140000104904175
            },
            "eulerAngles": {
                "x": 0.0,
                "y": 0.0,
                "z": 0.0
            }
        },
        {
            "name": "white_side_table#1",
            "position": {
                "x": 1.1100000143051148,
                "y": 0.0,
                "z": -2.2799999713897707
            },
            "eulerAngles": {
                "x": 0.0,
                "y": 90.0,
                "z": 0.0
            }
        },
        {
            "name": "white_side_table#2",
            "position": {
                "x": -0.7399999499320984,
                "y": 0.0,
                "z": 1.4160000085830689
            },
            "eulerAngles": {
                "x": 0.0,
                "y": 0.0,
                "z": 0.0
            }
        },
        {
            "name": "cardboard_box",
            "position": {
                "x": 1.0980000495910645,
                "y": 0.21799999475479127,
                "z": -0.3240000009536743
            },
            "eulerAngles": {
                "x": 0.0,
                "y": 10.000003814697266,
                "z": 0.0
            }
        },
        {
            "name": "wooden_shelf",
            "position": {
                "x": -3.0939998626708986,
                "y": 0.0,
                "z": 1.5299999713897706
            },
            "eulerAngles": {
                "x": 0.0,
                "y": 180.0,
                "z": 0.0
            }
        }
    ]
}
